978-0-323-66130-0,Adolescent Health Screening: an Update in the Age of Big Data
978-0-323-67968-8,Atlas of Wound Healing
978-0-323-65377-0,"Anatomy, Imaging and Surgery of the Intracranial Dural Venous Sinuses"
978-0-323-68127-8,Complications in Male Circumcision
978-0-323-53314-0,Cowell and Tyler's Diagnostic Cytology and Hematology of the Dog and Cat (Fifth Edition)
978-0-12-816962-9,Wildlife Conservation in Africa
978-0-12-811913-6,Protein Modificomics
978-0-12-813635-5,Genome Chaos
978-0-12-813796-3,Chromatin Signaling and Neurological Disorders
978-0-12-814879-2,Epigenetics and Regeneration
978-0-12-817068-7,"Biochemistry of Collagens, Laminins and Elastin (Second Edition)"
978-0-12-809967-4,Self-Assessment Questions for Clinical Molecular Genetics
978-0-08-102599-4,Chemical Engineering Design (Sixth Edition)
978-0-12-815413-7,GIS and Geostatistical Techniques for Groundwater Science
978-0-12-816717-5,Gravity Energy Storage
978-0-12-818648-0,Industrial Process Plant Construction Estimating and Man-Hour Analysis
978-0-12-815227-0,Acoustics (Second Edition)
978-0-08-102401-0,Industry Standard FDSOI Compact Model BSIM-IMG for IC Design
978-0-08-102476-8,Advanced Dental Biomaterials
978-0-12-814501-2,Advanced Micro- and Nanomaterials for Photovoltaics
978-0-12-814835-8,Exposure to Engineered Nanomaterials in the Environment
978-0-12-816115-9,Neuroscience of the Nonconscious Mind
978-0-12-815395-6,Handbook on Animal-Assisted Therapy (Fifth Edition)
978-0-12-818597-1,Proceedings of the 9 International Conference on Foundations of Computer-Aided Process Design
978-0-444-64207-3,Unimolecular Kinetics
978-0-12-811907-5,Molecular Nutrition
978-0-12-816679-6,Safety Issues in Beverage Production
978-0-12-816193-7,"Sports, Exercise, and Nutritional Genomics"
978-0-08-102478-2,Dental Implants and Bone Grafts
978-0-12-814661-3,Principles of Heart Valve Engineering
978-0-12-815657-5,Clinical Simulation (Second Edition)
978-0-12-815015-3,Cardiovascular Implications of Stress and Depression
978-0-12-815375-8,Difficult to Diagnose Rare Diffuse Lung Disease
978-0-12-815876-0,Chronic Renal Disease (Second Edition)
978-0-12-816966-7,"Patent Foramen Ovale Closure for Stroke, Myocardial Infarction, Peripheral Embolism, Migraine, and Hypoxemia"
978-0-12-816911-7,Liquid-Phase Extraction
978-0-08-101094-5,Non-Destructive Testing and Condition Monitoring Techniques for Renewable Energy Industrial Assets
978-0-08-102623-6,Science and Engineering of Short Fibre-Reinforced Polymer Composites
978-0-12-816713-7,DHM and Posturography
978-0-12-817034-2,New Trends in Observer-based Control
978-0-12-819361-7,Sensors for Health Monitoring
978-0-12-803810-9,Natural Water Remediation
978-0-12-818095-2,Abatement of Environmental Pollutants
978-0-12-812454-3,High Power Impulse Magnetron Sputtering
978-0-12-815661-2,"Cerium Oxide (CeO₂): Synthesis, Properties and Applications"
978-0-12-816198-2,High-Performance Elastomeric Materials Reinforced by Nano-Carbons
978-0-12-816813-4,How to Integrate Quality by Efficient Design (QbED) in Product Development
978-0-12-817998-7,Nanomycotoxicology
978-0-12-815312-3,Military Veteran Reintegration
978-0-12-816484-6,Learned Mindfulness
978-0-7020-7786-9,Botulinum Toxin in Facial Rejuvenation (Second Edition)
978-0-12-815396-3,Horticultural Plant Breeding
978-0-12-815507-3,Pangolins
978-1-78548-316-5,A Physicochemical Theory of Tip Growth
978-0-12-812431-4,The Zebrafish in Biomedical Research
978-0-08-102565-9,Decontamination in Hospitals and Healthcare (Second Edition)
978-0-08-102643-4,Biocompatibility and Performance of Medical Devices (Second Edition)
978-0-12-813886-1,Bioengineering Innovative Solutions for Cancer
978-0-12-815651-3,Semi-Empirical Neural Network Modeling and Digital Twins Development
978-0-12-816965-0,The Theory of Endobiogeny
978-0-12-819637-3,General Medical Semiology Guide Part I
978-0-12-819638-0,Medical Semiology Guide of the Cardiovascular System and the Hematologic System
978-0-12-819639-7,Medical Semiology Guide of the Renal System
978-0-12-816204-0,Wastewater Treatment Residues as Resources for Biorefinery Products and Biofuels
978-0-12-811842-9,Advantages and Pitfalls of Pattern Recognition
978-0-12-814895-2,Climate Extremes and Their Implications for Impact and Risk Assessment
978-0-12-815826-5,Advanced Remote Sensing (Second Edition)
978-0-12-819845-2,Fluid Inclusion Effect in Flotation of Sulfide Minerals
978-0-12-815069-6,Modelling of Nuclear Reactor Multi-physics
978-0-12-817536-1,Microalgae Cultivation for Biofuels Production
978-0-12-821500-5,Production of Clean Hydrogen by Electrochemical Reforming of Oxygenated Organic Compounds
978-0-08-102766-0,Piezocone and Cone Penetration Test (CPTu and CPT) Applications in Foundation Engineering
978-0-12-809661-1,Tissue Elasticity Imaging
978-0-12-815503-5,Infrastructure Computer Vision
978-0-12-817594-1,Artificial Intelligence for Computational Modeling of the Heart
978-0-12-818249-9,Liengme's Guide to Excel® 2016 for Scientists and Engineers
978-0-12-815721-3,Extreme Wildfire Events and Disasters
978-0-12-818427-1,"Security Controls Evaluation, Testing, and Assessment Handbook (Second Edition)"
978-0-12-814457-2,Human Papillomavirus
978-0-12-814582-1,Maternal Immunization
978-0-12-818270-3,Dengue Virus Disease
978-0-08-102511-6,Octacalcium Phosphate Biomaterials
978-0-08-102709-7,Mid-infrared Optoelectronics
978-0-12-817827-0,Three-Dimensional Microfabrication Using Two-Photon Polymerization (Second Edition)
978-0-12-819748-6,Crystal Growth of Si Ingots for Solar Cells Using Cast Furnaces
978-0-12-819777-6,Nucleic Acids as Gene Anticancer Drug Delivery Therapy
978-0-12-814353-7,Dynamics and Stochasticity in Transportation Systems
978-0-12-818567-4,Energy and Behaviour
978-0-444-64181-6,Studies in Natural Products Chemistry
978-0-444-64183-0,Studies in Natural Products Chemistry
978-0-12-814936-2,Nasopharyngeal Carcinoma
978-0-12-817444-9,Practical Guide for Biomedical Signals Analysis Using Machine Learning Techniques
978-0-12-816548-5,Data Processing Handbook for Complex Biological Data Sources
978-0-12-815162-4,Second and Third Generation of Feedstocks
978-0-12-815613-1,Design of Solar Thermal Power Plants
978-0-12-816457-0,The Effect of UV Light and Weather on Plastics and Elastomers (Fourth Edition)
978-0-12-812775-9,Quantitative Anthropology
978-0-12-814307-0,Mosaic of Autoimmunity
978-0-08-102814-8,Materials for Biomedical Engineering
978-0-12-812667-7,Nanotube Superfiber Materials (Second Edition)
978-0-12-816872-1,Materials for Biomedical Engineering
978-0-12-816874-5,Materials for Biomedical Engineering
978-0-12-816901-8,Materials for Biomedical Engineering
978-0-12-816909-4,Materials for Biomedical Engineering
978-0-12-816913-1,Materials for Biomedical Engineering
978-0-12-817084-7,Basic Biostatistics for Medical and Biomedical Practitioners (Second Edition)
978-0-12-816430-3,"The Behavioral, Molecular, Pharmacological, and Clinical Basis of the Sleep-Wake Cycle"
978-0-12-815799-2,Pharmaceutical Quality by Design
978-0-12-813004-9,Pediatric Anxiety Disorders
978-0-08-102124-8,Academic Libraries and Public Engagement with Science and Technology
978-0-444-63977-6,Hyperspectral Imaging
978-0-323-69672-2,Safety Training for Obstetric Emergencies
978-0-323-60984-5,Handbook of Pediatric Retinal OCT and the Eye-Brain Connection
978-0-323-68017-2,Addiction Medicine for Health Care Professionals
978-0-12-815357-4,Saving Food
978-0-12-816403-7,Trends in Personalized Nutrition
978-0-12-816438-9,The Practical Handbook of Perioperative Metabolic and Nutritional Care
978-0-12-816467-9,Nutraceutical and Functional Food Regulations in the United States and around the World (Third Edition)
978-0-12-816495-2,"Dietary Fiber: Properties, Recovery, and Applications"
978-0-12-816687-1,Value-Added Ingredients and Enrichments of Beverages
978-0-12-816689-5,Natural Beverages
978-0-12-816695-6,"Proteins: Sustainable Source, Processing and Applications"
978-0-12-817004-5,Role of Plant Growth Promoting Microorganisms in Sustainable Agriculture and Nanotechnology
978-0-12-817190-5,Food Quality and Shelf Life
978-0-12-817562-0,Effect of High Temperature on Crop Productivity and Metabolism of Macro Molecules
978-0-12-818967-2,Alternative Swine Management Systems
978-0-12-818404-2,Biobased Polymers
978-0-12-818888-0,A Practical Guide to Gas Analysis by Gas Chromatography
978-0-12-819088-3,Single-Atom Catalysis
978-0-444-64106-9,Microclimate for Cultural Heritage (Third Edition)
978-0-08-102486-7,"Single-Phase, Two-Phase and Supercritical Natural Circulation Systems"
978-0-12-819504-8,Power Plant Instrumentation and Control Handbook (Second Edition)
978-0-08-102267-2,5G NR
978-0-12-809448-8,Software Engineering for Embedded Systems (Second Edition)
978-0-12-818729-6,Machinery Component Maintenance and Repair (Fourth Edition)
978-0-12-813142-8,Thermo-ecology
978-0-12-815856-2,"Determination of Toxic Organic Chemicals in Natural Waters, Sediments and Soils"
978-0-08-102577-2,Fundamentals and Sensing Applications of 2D Materials
978-0-12-818433-2,Materials for Biomedical Engineering
978-0-12-813997-4,Nervous System Drug Delivery
978-0-12-817992-5,Arousal in Neurological and Psychiatric Diseases
978-0-08-102922-0,Medicinal Foods as Potential Therapies for Type-2 Diabetes and Associated Diseases
978-0-12-816963-6,Polymeric Nanoparticles as a Promising Tool for Anti-cancer Therapeutics
978-0-12-813454-2,"Transportation, Energy Use and Environmental Impacts"
978-0-12-804572-5,Principles of Nutrigenetics and Nutrigenomics
978-0-12-816503-4,Felines of the World
978-0-12-816222-4,Genetics and Genomics of Eye Disease
978-0-12-809943-8,Integrated Energy Systems for Multigeneration
978-0-12-815965-1,Transport and Energy Research
978-0-12-816445-7,Decision Making Applications in Modern Power Systems
978-0-12-814245-5,Handbook of Robotic and Image-Guided Surgery
978-1-78548-301-1,Non-Linear Electronics 2
978-1-78548-313-4,Mechanical Properties of Polycarbonate
978-0-12-815131-0,The Mind under the Axioms
978-0-08-102559-8,Semiconductor Gas Sensors (Second Edition)
978-0-08-100616-0,Clinical Research in Paediatric Psychopharmacology
978-0-12-817212-4,Functional Analysis
978-0-12-817362-6,Urban Freight Transportation Systems
978-0-12-814523-4,Graphene Surfaces
978-0-323-63982-8,Acute Rheumatic Fever and Rheumatic Heart Disease
978-0-12-814024-6,Electron Magnetic Resonance - Applications in Physical Sciences and Biology
978-0-444-64108-3,Reading the Soil Archives
978-0-323-42874-3,Drugs for Pregnant and Lactating Women (Third Edition)
978-0-323-53094-1,Perinatal Genetics
978-0-7020-7611-4,Contact Lens Complications (Fourth Edition)
978-0-12-818040-2,Sustainable Biofloc Systems for Marine Shrimp
978-0-12-816476-1,Carbonic Anhydrases
978-0-12-815727-5,The Wolff-Kishner Reduction and Related Reactions
978-0-12-812518-2,A Comprehensive Physically Based Approach to Modeling in Bioengineering and Life Sciences
978-1-56990-734-4,User's Guide to Plastic (Second Edition)
978-1-56990-754-2,Elastic Behavior of Polymer Melts
978-0-12-816696-3,Buying and Selling the Environment
978-0-12-816207-1,Compulsive Eating Behavior and Food Addiction
978-0-12-817055-7,Natural Polysaccharides in Drug Delivery and Biomedical Applications
978-0-12-814495-4,Context
978-0-12-817126-4,Evolution's Clinical Guidebook
978-0-12-815052-8,"Copper(I) Chemistry of Phosphines, Functionalized Phosphines and Phosphorus Heterocycles"
978-0-444-63895-3,The Sedimentary Basins of the United States and Canada (Second Edition)
978-0-08-102592-5,Pathways to a Smarter Power System
978-0-12-814186-1,Piezoelectric Actuators: Vector Control Method
978-0-12-816358-0,Nature-inspired Optimization Algorithms for Fuzzy Controlled Servo Systems
978-0-444-64156-4,High Pressure Rheology for Quantitative Elastohydrodynamics (Second Edition)
978-1-56990-635-4,Processing of Polymer Nanocomposites
978-1-927885-45-1,Databook of Solvents (Second Edition)
978-1-927885-51-2,Graphene
978-0-12-814776-4,Self-Cleaning of Surfaces and Water Droplet Mobility
978-0-12-816354-2,Lignocellulose for Future Bioeconomy
978-0-12-818620-6,The Comorbidities of Epilepsy
978-0-12-813804-5,The Accelerating Transport Innovation Revolution
978-0-12-814820-4,Drought Challenges
978-0-12-813171-8,Nutritional and Health Aspects of Food in Western Europe
978-0-12-814007-9,Kalanchoe (Crassulaceae) in Southern Africa
978-0-12-816406-8,Genetics and Breeding for Disease Resistance of Livestock
978-0-12-849886-6,Molecular Nutrition Carbohydrates
978-0-12-811924-2,Mucosal Vaccines (Second Edition)
978-0-12-814942-3,Intelligent Biomechatronics in Neurorehabilitation
978-0-12-813814-4,Hormonal Signaling in Biology and Medicine
978-0-12-814823-5,Maternal-Fetal and Neonatal Endocrinology
978-0-12-817572-9,Advanced Hematology in Integrated Cardiovascular Chinese Medicine
978-0-12-817580-4,"Herbal, Bio-nutrient and Drug Titration According to Disease Stages in Integrative Cardiovascular Chinese Medicine"
978-0-12-814227-1,Blast Furnace Ironmaking
978-0-12-815932-3,Laboratory Methods in Dynamic Electroanalysis
978-0-12-816398-6,Gas-Particle and Granular Flow Systems
978-0-12-816699-4,Handbook of Nanomaterials in Analytical Chemistry
978-0-12-818785-2,Surface Area and Porosity Determinations by Physisorption (Second Edition)
978-0-12-818090-7,Invariant Imbedding T-matrix Method for Light Scattering by Nonspherical and Inhomogeneous Particles
978-0-08-102884-1,Electric Drives and Electromechanical Systems (Second Edition)
978-0-08-101937-5,Handbook of Materials Failure Analysis
978-0-12-815028-3,Innovations and Emerging Technologies in Wound Care
978-0-12-816034-3,Biomedical Information Technology (Second Edition)
978-0-12-816176-0,Handbook of Medical Image Computing and Computer Assisted Intervention
978-0-12-816502-7,Optical Fiber Telecommunications VII
978-0-12-817690-0,Sustainable Development for Mass Urbanization
978-0-08-102698-4,Marine Protected Areas
978-0-12-814327-8,The GOES-R Series
978-0-08-102434-8,High Performance Silicon Imaging (Second Edition)
978-0-08-102637-3,2D Materials for Photonic and Optoelectronic Applications
978-0-08-102663-2,Rapid Prototyping of Biomaterials (Second Edition)
978-0-12-814182-3,Characterization of Nanoparticles
978-0-12-815467-0,Optical Holography
978-0-12-816006-0,Compatibilization of Polymer Blends
978-0-12-816421-1,Hydrogels Based on Natural Polymers
978-0-12-814368-1,Modeling Evolution of Heterogenous Populations
978-0-12-811316-5,Insomnia and Fatigue after Traumatic Brain Injury
978-0-12-813176-3,Personalized Psychiatry
978-0-12-815645-2,Lymphatic Structure and Function in Health and Disease
978-0-12-814487-9,Drug Delivery Systems
978-0-12-815921-7,Loomis's Essentials of Toxicology (Fifth Edition)
978-0-12-815012-2,A Clinical Introduction to Psychosis
978-0-12-814694-1,Transport and Children's Wellbeing
978-0-12-816027-5,The Microeconomics of Wellbeing and Sustainability
978-0-323-48319-3,Essentials of Nuclear Medicine and Molecular Imaging (Seventh Edition)
978-0-12-818634-3,29 European Symposium on Computer Aided Process Engineering
978-0-12-809437-2,The Technology of Wafers and Waffles II
978-0-12-815259-1,Processing and Sustainability of Beverages
978-0-12-815260-7,Production and Management of Beverages
978-0-12-816498-3,Dog Behavior
978-0-12-814692-7,Nontuberculous Mycobacteria (NTM)
978-0-12-815607-0,Critical Issues in Alcohol and Drugs of Abuse Testing (Second Edition)
978-0-444-64192-2,Biofuels from Algae (Second Edition)
978-0-444-64121-2,The Nutritional Biochemistry of Chromium (III) (Second Edition)
978-0-12-814003-1,Coasts and Estuaries
978-0-08-102641-0,Nanotechnology in Eco-efficient Construction (Second Edition)
978-0-08-102676-2,Use of Recycled Plastics in Eco-efficient Concrete
978-0-12-818336-6,Solid Waste Landfilling
978-0-12-813117-6,Applied Time Series Analysis
978-0-12-814940-9,IFRS 9 and CECL Credit Risk Modelling and Validation
978-0-12-811359-2,Encouraging Pro-Environmental Behaviour
978-0-12-813521-1,Case Formulation for Personality Disorders
978-0-12-814291-2,The Dark Triad of Personality
978-0-323-47674-4,Abeloff's Clinical Oncology (Sixth Edition)
978-0-12-814048-2,Problems and Solutions in Structural Geology and Tectonics
978-0-12-813637-9,Sweet Potato
978-0-12-815322-2,Advances in Phytonanotechnology
978-0-12-815851-7,Sports and Energy Drinks
978-0-12-816363-4,Transgenerational Epigenetics (Second Edition)
978-0-12-817006-9,Mitochondrial Medicine
978-0-08-102666-3,Metals for Biomedical Devices (Second Edition)
978-0-12-811077-5,Wilson Disease
978-0-12-815675-9,Imides
978-0-08-102517-8,Defrosting for Air Source Heat Pump
978-0-08-102939-8,Statistics for Biomedical Engineers and Scientists
978-0-12-815022-1,Probability and Mechanics of Ship Collision and Grounding
978-0-12-816564-5,Sustainable Engineering Products and Manufacturing Technologies
978-0-12-818601-5,Precision Motion Systems
978-0-12-817497-5,Advances in Biological Science Research
978-0-08-102152-1,Handbook of Metal Injection Molding (Second Edition)
978-0-08-102582-6,Materials in Sports Equipment (Second Edition)
978-0-12-814401-5,Functional Nanostructured Interfaces for Environmental and Biomedical Applications
978-0-12-817420-3,EEG-Based Experiment Design for Major Depressive Disorder
978-0-12-816144-9,New Developments in Nanosensors for Pharmaceutical Analysis
978-0-12-813985-1,Descriptive Psychology and the Person Concept
978-0-08-102572-7,Nanostructured Thin Films
978-0-08-102727-1,Emerging Natural and Tailored Nanomaterials for Radioactive Waste Treatment and Environmental Remediation
978-0-08-102302-0,Self-Assembly of Nano- and Micro-structured Materials using Colloidal Engineering
978-0-12-815730-5,Evaluating Water Quality to Prevent Future Disasters
978-0-323-53045-3,Rodak's Hematology (Sixth Edition)
978-0-323-52992-1,Catheter Ablation of Cardiac Arrhythmias (Fourth Edition)
978-0-12-814474-9,Management Strategies for Sustainable Cattle Production in Southern Pastures
978-0-12-816681-9,Quality Control in the Beverage Industry
978-0-12-819233-7,Meat Quality Analysis
978-0-12-814841-9,Principles of Bone Biology (Fourth Edition)
978-0-12-816389-4,Coronary Calcium
978-0-12-816665-9,Effects of Lifestyle on Men's Health
978-0-12-814178-6,Advanced Low-Cost Separation Techniques in Interface Science
978-0-12-814853-2,Solar Hydrogen Production
978-0-12-815581-3,Biofuels for a More Sustainable Future
978-0-12-816508-9,Formulas and Calculations for Petroleum Engineering
978-0-12-817774-7,Distributed Energy Resources in Microgrids
978-0-12-818111-9,Synthetic Aperture Radar Imaging Mechanism for Oil Spills
978-0-12-816634-5,"Science, Technology and Applications of Metals in Additive Manufacturing"
978-0-12-815055-9,Ecology of Desert Systems (Second Edition)
978-0-12-815065-8,Numerical Methods and Optimization in Finance (Second Edition)
978-0-12-814533-3,Nanomaterials from Clay Minerals
978-0-12-816671-0,Superhydrophobic Polymer Coatings
978-0-12-813633-1,New Techniques for Management of 'Inoperable' Gliomas
978-0-12-814464-0,Intermodal Freight Transportation
978-0-323-41560-6,Musculoskeletal MRI (Third Edition)
978-0-323-53091-0,Pediatric Hand Therapy
978-0-323-56699-5,Mechanical Circulatory Support (Second Edition)
978-0-323-58131-8,Major Depressive Disorder
978-0-323-65391-6,3-Dimensional Modeling in Cardiovascular Disease
978-0-323-66195-9,Advances in Treatment and Management in Surgical Endocrinology
978-0-323-67509-3,Immunologic Concepts in Transfusion Medicine
978-0-323-67534-5,Sjogren's Syndrome
978-0-323-65384-8,Concussion
978-0-323-67374-7,Disorders of Sleep and Wakefulness in Parkinson's Disease
978-0-323-67969-5,Office-Based Endovascular Centers
978-0-323-59496-7,Withrow and MacEwen's Small Animal Clinical Oncology
978-0-08-102079-1,The Craft Brewing Handbook
978-0-12-814236-3,"Sugarcane Biorefinery, Technology and Perspectives"
978-0-12-816013-8,Conceptual Breakthroughs in Evolutionary Ecology
978-0-12-816493-8,"Glucosinolates: Properties, Recovery, and Applications"
978-0-12-817657-3,Perspectives in the Development of Mobile Medical Information Systems
978-0-12-819834-6,Clinical Precision Medicine
978-0-12-814659-0,Wearable Robotics
978-0-12-816113-5,Medical Semiology Guide of the Respiratory System
978-0-12-816221-7,Engineering Strategies for Regenerative Medicine
978-0-12-819178-1,"Precision Medicine for Investigators, Practitioners and Providers"
978-0-12-819457-7,Theranostic Approach for Pancreatic Cancer
978-0-12-819640-3,General Medical Semiology Guide Part II
978-0-12-820097-1,Nocturia
978-0-444-62749-0,Monodispersed Particles (Second Edition)
978-0-08-102779-0,Alpha-Glucosidase Inhibitors
978-0-12-817220-9,Ambient Ionization Mass Spectrometry in Life Sciences
978-0-12-817222-3,Semi-Lagrangian Advection Methods and Their Applications in Geoscience
978-0-12-817392-3,"Stochastic Global Optimization Methods and Applications to Chemical, Biochemical, Pharmaceutical and Environmental Processes"
978-0-12-818430-1,Heat Transport and Energetics of the Earth and Rocky Planets
978-0-12-818703-6,Big Data Mining for Climate Change
978-0-12-809923-0,Handbook of Industrial Hydrocarbon Processes (Second Edition)
978-0-12-813315-6,Shale Oil and Gas Production Processes
978-0-12-815936-1,Lignocellulosic Biomass to Liquid Biofuels
978-0-12-818326-7,Nuclear Safety (Second Edition)
978-0-12-820040-7,An Operations Guide to Safety and Environmental Management Systems (SEMS)
978-0-12-820623-2,Analysis and Design of Energy Geostructures
978-0-08-102532-1,"Modeling, Analysis, Design, and Tests for Electronics Packaging beyond Moore"
978-0-08-102708-0,Cyclostationary Processes and Time Series
978-0-08-102816-2,Computational Retinal Image Analysis
978-0-08-103009-7,5G Core Networks
978-0-12-801593-3,Demystifying the Engineering PhD
978-0-12-814106-9,Extended Finite Element and Meshfree Methods
978-0-12-814976-8,Feature Extraction and Image Processing for Computer Vision (Fourth Edition)
978-0-12-815746-6,Building Big Data Applications
978-0-12-816662-8,Nanoparticles for Biomedical Applications
978-0-12-817030-4,Handbook of Electronic Waste Management
978-0-12-818014-3,Real-Time Data Analytics for Large Scale Sensor Data
978-0-12-819862-9,Up and Running with AutoCAD® 2020
978-1-56990-692-7,Continuous-Discontinuous Fiber-Reinforced Polymers
978-0-12-815822-7,Spatiotemporal Analysis of Air Pollution and Its Application in Public Health
978-0-12-818355-7,Life Cycle Sustainability Assessment for Decision-Making
978-0-12-819229-0,Mapping Human and Natural Systems
978-0-444-63998-1,Global Change and Forest Soils
978-0-08-102670-0,Applied Analysis of Composite Media
978-0-08-102726-4,Advanced Ceramics for Energy Conversion and Storage
978-0-12-814727-6,Characterization Techniques for Perovskite Solar Cell Materials
978-0-12-816187-6,2D Semiconductor Materials and Devices
978-0-12-817354-1,Self-Healing Composite Materials
978-0-12-818448-6,"Failure Modes, Effects and Causes of Microbiologically Influenced Corrosion"
978-0-12-849870-5,Advances in Smart Coatings and Thin Films for Future Industrial and Biomedical Engineering Applications
978-0-12-814482-4,Computational Learning Approaches to Data Analytics in Biomedical Applications
978-0-12-817659-7,Neurofeedback
978-0-12-819284-9,Physics of Biological Action and Perception
978-0-12-814527-2,Pharmaceutical Applications of Dendrimers
978-0-12-816814-1,Underexplored Medicinal Plants from Sub-Saharan Africa
978-0-12-818550-6,Pregnancy and the Pharmaceutical Industry
978-0-12-819593-2,Emergence of Pharmaceutical Industry Growth with Industrial IoT Approach
978-0-12-812657-8,Airport Capacity Constraints And Strategies For Mitigation
978-0-12-815265-2,Parking
978-0-12-815715-2,Smart Delivery Systems
978-0-12-818762-3,Technological Learning in the Transition to a Low-Carbon Energy System
978-0-12-811720-0,Lactose
978-0-12-815476-2,Amphibians of North Africa
978-0-12-815829-6,Nano-Biopesticides Today and Future Perspectives
978-0-12-816451-8,Plant Signaling Molecules
978-0-12-813384-2,Osseointegration of Orthopaedic Implants
978-0-12-814687-3,EEG-Based Brain-Computer Interfaces
978-0-12-816864-6,Epidemiology of Diabetes
978-0-444-64191-5,New and Future Developments in Microbial Biotechnology and Bioengineering
978-0-12-815273-7,Modern Applications of Cycloaddition Chemistry
978-0-12-815611-7,Engineering Energy Aluminum Conductor Composite Core (ACCC) and its Application
978-0-08-101034-1,Foundations of Biomaterials Engineering
978-0-08-102586-4,Structural and Stress Analysis (Fourth Edition)
978-0-08-102686-1,New Trends in Natural Dyes for Textiles
978-0-12-815553-0,Intelligent Data Analysis for Biomedical Applications
978-0-12-816782-3,Climate Adaptation Engineering
978-0-12-813639-3,Exchange-Traded Funds in Europe
978-0-12-814381-0,Deformation-Based Processing of Materials
978-0-12-814893-8,Char and Carbon Materials Derived from Biomass
978-0-12-816067-1,High-Entropy Alloys (Second Edition)
978-0-12-804271-7,International Futures
978-0-444-63979-0,Radiation
978-0-12-812832-9,"Genes, Brain Function, and Behavior"
978-0-12-813035-3,Neuroscience of Nicotine
978-0-12-813125-1,Neuroscience of Alcohol
978-0-12-816800-4,Central Serous Chorioretinopathy
978-0-12-816200-2,Nanoarchitectonics in Biomedicine
978-0-12-817638-2,Pharmaceutical Care in Digital Revolution
978-0-12-811806-1,The Clinician's Guide to Treating Health Anxiety
978-0-12-814180-9,Sleep and ADHD
978-0-12-814715-3,Confronting Prejudice and Discrimination
978-0-12-810528-3,Foundations of Airport Economics and Finance
978-0-12-815272-0,Bottled and Packaged Water
978-0-12-799956-2,Key Productivity and Performance Strategies to Advance Your Career
978-0-12-813259-3,Basic and Applied Bone Biology (Second Edition)
978-0-12-814128-1,Fundamentals of Radiation Oncology (Third Edition)
978-0-12-814663-7,Safety Culture (Second Edition)
978-0-444-64015-4,Heterogeneous Photocatalysis
978-0-08-102631-1,Power Generation Technologies (Third Edition)
978-0-12-817860-7,Transport in Shale Reservoirs
978-0-12-804229-8,Machine Component Analysis with MATLAB
978-0-12-813052-0,Modeling and Control of Infectious Diseases in the Host
978-0-12-814062-8,Additive Manufacturing for the Aerospace Industry
978-0-12-815481-6,3D Concrete Printing Technology
978-0-12-817636-8,Artificial Intelligence for the Internet of Everything
978-1-927885-38-3,Handbook of Solvents (Third Edition)
978-1-927885-43-7,Databook of Green Solvents (Second Edition)
978-1-927885-49-9,Databook of Curatives and Crosslinkers
978-0-12-815224-9,Bioarchaeology of Marginalized People
978-0-12-816150-0,Gap Junction Structure and Chemical Regulation
978-0-08-102416-4,Smart Polymers and their Applications (Second Edition)
978-0-12-816108-1,Biological Treatment of Microbial Corrosion
978-0-12-816179-1,Casting Light on the Dark Side of Brain Imaging
978-0-12-814655-2,Biomarkers in Toxicology (Second Edition)
978-0-12-812821-3,"Leadership, Work, and the Dark Side of Personality"
978-0-12-814627-9,The Handbook of Antagonism
978-0-12-814932-4,Global Mental Health and Psychotherapy
978-0-12-812857-2,Air Transport: A Tourism Perspective
978-0-12-816835-6,"Consumer, Prosumer, Prosumager"
978-0-323-54945-5,Onco-Nephrology
978-0-323-53186-3,Kidney Transplantation - Principles and Practice (Eighth Edition)
978-0-08-100890-4,Reducing Salt in Foods (Second Edition)
978-0-12-803954-0,"Biofuels, Bioenergy and Food Security"
978-0-12-810987-8,Taylor's Power Law
978-0-12-813411-5,Sustainable Food Supply Chains
978-0-12-814803-7,"Handbook of Farm, Dairy and Food Machinery Engineering (Third Edition)"
978-0-12-815263-8,Taxonomy of Corynoneura Winnertz (Diptera: Chironomidae)
978-0-12-815591-2,Biodiversity of Pantepui
978-0-12-815663-6,Biopolymer Nanostructures for Food Encapsulation Purposes
978-0-12-817565-1,Mineral Composition and Radioactivity of Edible Mushrooms
978-0-12-818752-4,Agricultural Extension Reforms in South Asia
978-0-12-816348-1,Intrinsically Disordered Proteins
978-0-12-815254-6,Neural Network Modeling and Identification of Dynamical Systems
978-0-12-815713-8,Handbook of Vascular Motion
978-0-12-816163-0,Applied Human Factors in Medical Device Design
978-0-12-816903-2,The Theory of Endobiogeny
978-0-12-816908-7,The Theory of Endobiogeny
978-0-12-815743-5,Advanced Biosensors for Health Care Applications
978-0-444-63504-4,New and Future Developments in Microbial Biotechnology and Bioengineering
978-0-12-813374-3,Quality Control and Evaluation of Herbal Drugs
978-0-12-815505-9,Palladacycles
978-0-12-814458-9,Taking the Temperature of the Earth
978-0-12-816009-1,Andean Tectonics
978-0-12-814814-3,Applied Petroleum Geomechanics
978-0-12-815292-8,Grid-scale Energy Storage Systems and Applications
978-0-12-815903-3,Petroleum Rock Mechanics (Second Edition)
978-0-12-817665-8,Hydraulic Fracturing in Unconventional Reservoirs (Second Edition)
978-0-08-102420-1,Bioelectronics and Medical Devices
978-0-08-102439-3,Numerical Modeling of Masonry and Historical Structures
978-0-12-813337-8,Nanomaterials for Solar Cell Applications
978-0-12-813876-2,Metal Fatigue (Second Edition)
978-0-12-814472-5,Polylactic Acid (Second Edition)
978-0-12-814868-6,Non-Monotonic Approach to Robust H-infinity Control of Multi-model Systems
978-0-12-817447-0,Distributed Power Resources
978-0-12-817684-9,Complete PCB Design Using OrCAD Capture and PCB Editor (Second Edition)
978-0-12-815275-1,Integrated Approaches to Sustainable Watershed Management in Xeric Environments
978-0-12-814367-4,Panel Data Econometrics
978-0-12-815859-3,Panel Data Econometrics
978-0-08-102610-6,Effective Interviewing and Interrogation Techniques (Fourth Edition)
978-0-12-814539-5,Forensic Firearm Examination
978-0-12-815034-4,The Clinician's Guide to Geriatric Forensic Evaluations
978-0-12-815309-3,"3D Data Acquisition for Bioarchaeology, Forensic Anthropology, and Archaeology"
978-0-12-819436-2,Trends of Environmental Forensics in Pakistan
978-0-08-102174-3,Mechanical Behaviour of Biomaterials
978-0-08-102553-6,Polysaccharide Carriers for Drug Delivery
978-0-08-102561-1,Handbook of Tissue Engineering Scaffolds: Volume Two
978-0-08-102563-5,Handbook of Tissue Engineering Scaffolds: Volume One
978-0-08-102584-0,Advances in Non-Volatile Memory and Storage Technology (Second Edition)
978-0-12-814829-7,Nanomaterials Applications for Environmental Matrices
978-0-12-815468-7,Ultra-Wide Bandgap Semiconductor Materials
978-0-12-816349-8,Advanced Functional Polymers for Biomedical Applications
978-0-12-816771-7,Nanostructured Polymer Composites for Biomedical Applications
978-0-12-817456-2,Advances in Nanosensors for Biological and Environmental Analysis
978-0-12-817744-0,Spark Plasma Sintering
978-0-12-818291-8,Definitions of Biomaterials for the Twenty-First Century
978-0-12-817216-2,Introduction to Algorithms for Data Mining and Machine Learning
978-0-08-102218-4,"Neuroscience, Selflessness, and Spiritual Experience"
978-0-12-811012-6,Receptors in the Evolution and Development of the Brain
978-0-12-813158-9,Oligodendroglioma
978-0-12-813323-1,The Serotonin System
978-0-12-813743-7,Handbook of Sleep Research
978-0-12-815245-4,"Handbook of Nutrition, Diet, and the Eye (Second Edition)"
978-0-12-816863-9,Introduction to Addiction
978-0-12-813373-6,Contemporary Psychodynamic Psychotherapy
978-0-12-814669-9,Acceptance and Commitment Therapy
978-0-12-814780-1,Trauma Informed Guilt Reduction Therapy
978-0-12-817538-5,Guided Cognition for Learning
978-0-12-816088-6,Empowering the New Mobility Workforce
978-0-12-816639-0,Smart Cities: Issues and Challenges
978-0-12-816774-8,Transportation and Public Health
978-0-323-54947-9,Essentials of Physical Medicine and Rehabilitation (Fourth Edition)
978-0-323-52381-3,Core Techniques in Operative Neurosurgery (Second Edition)
978-0-12-812465-9,Gases in Agro-Food Processes
978-0-12-814721-4,Coffee Consumption and Industry Strategies in Brazil
978-0-12-816352-8,"Genomics and Biotechnological Advances in Veterinary, Poultry, and Fisheries"
978-0-12-816678-9,Biotechnological Progress and Beverage Consumption
978-0-12-813762-8,Translational Systems Medicine and Oral Disease
978-0-08-102659-5,Medicinal Plants of South Asia
978-0-12-819556-7,Energy Sustainability
978-0-08-102722-6,Carbon Nanotube Fibers and Yarns
978-0-12-812894-7,Modern Machining Technology
978-0-12-815659-9,Design and Operation of Human Locomotion Systems
978-0-12-816649-9,Model Management and Analytics for Large Scale Systems
978-0-12-815043-6,Spatial Regression Analysis Using Eigenvector Spatial Filtering
978-0-12-815779-4,Elder Abuse
978-0-12-816915-5,Crime Lab Report
978-0-12-819204-7,Cyber Influence and Cognitive Threats
978-0-12-814966-9,Emerging and Reemerging Viral Pathogens
978-0-12-819400-3,Emerging and Reemerging Viral Pathogens
978-0-08-102680-9,Biointegration of Medical Implant Materials (Second Edition)
978-0-12-814796-2,Advanced Nanomaterials for Pollutant Sensing and Environmental Catalysis
978-0-12-812492-5,Multisensory Perception
978-0-12-813874-8,Balance Dysfunction in Parkinson's Disease
978-0-323-49642-1,Comprehensive Care of the Transgender Patient
978-0-323-54941-7,Urologic Surgical Pathology (Fourth Edition)
978-0-323-60987-6,Heart Failure (Fourth Edition)
978-0-7020-6956-7,Fetal Medicine (Third Edition)
978-0-323-44339-5,Sleep Apnea and Snoring (Second Edition)
978-0-323-49755-8,Facial Trauma Surgery
978-0-323-60913-5,Orthotics and Prosthetics in Rehabilitation (Fourth Edition)
978-0-12-814805-1,Strategies and Tactics in Organic Synthesis
978-0-323-48528-9,Fenichel's Clinical Pediatric Neurology (Eighth Edition)
978-0-12-813276-0,Postharvest Technology of Perishable Horticultural Commodities
978-0-12-814138-0,Integrated Processing Technologies for Food and Agricultural By-Products
978-0-12-816685-7,Preservatives and Preservation Approaches in Beverages
978-0-12-816350-4,Current Trends and Future Developments on (Bio-) Membranes
978-0-444-64200-4,Sustainable Resource Recovery and Zero Waste Approaches
978-0-12-816992-6,Discovery and Development of Anti-Inflammatory Agents from Natural Products
978-0-12-815881-4,The Asian Summer Monsoon
978-0-08-102418-8,Advances in Ultra-Low Emission Control Technologies for Coal-Fired Power Plants
978-0-08-102591-8,Emission and Control of Trace Elements from Coal-Derived Gas Streams
978-0-08-102211-5,Auxetic Textiles
978-0-12-816716-8,Gas Thermohydrodynamic Lubrication and Seals
978-1-56990-603-3,Advanced Injection Molding Technologies
978-1-56990-712-2,Simulations with NX / Simcenter 3D (Second Edition)
978-0-08-102158-3,Waste Electrical and Electronic Equipment (WEEE) Handbook (Second Edition)
978-0-12-815305-5,Photobiomodulation in the Brain
978-0-12-812131-3,Wind-Borne Illness from Coastal Seas
978-0-08-101293-2,Metadata for Transmedia Resources
978-0-12-816637-6,Big Data Analytics for Cyber-Physical Systems
978-0-12-816952-0,Urban Fuel Poverty
978-0-12-813586-0,An Introduction to Green Nanotechnology
978-0-323-63979-8,Rabies
978-0-12-814217-2,Evaluation Technologies for Food Quality
978-0-12-815794-7,Cadmium Tolerance in Plants
978-0-12-815655-1,The Artificial Pancreas
978-0-12-811752-1,Mitochondria in Obesity and Type 2 Diabetes
978-0-12-813197-8,Sex Differences in Cardiovascular Physiology and Pathophysiology
978-0-12-814704-7,Animal Models in Cancer Drug Discovery
978-0-12-815373-4,Sleep and Health
978-0-08-101098-3,Coulson and Richardson's Chemical Engineering (Sixth Edition)
978-0-12-817588-0,Adjustment Models in 3D Geomatics and Computational Geophysics
978-0-08-102397-6,Hole-Making and Drilling Technology for Composites
978-0-08-102717-2,Mineralized Collagen Bone Graft Substitutes
978-0-08-102969-5,Arm-Based Microcontroller Projects Using Mbed
978-0-12-813784-0,Fluoropolymer Additives (Second Edition)
978-0-12-814591-3,Dislocation Mechanism-Based Crystal Plasticity
978-0-12-815907-1,Industrial and Municipal Sludge
978-0-12-817010-6,Surface Treatment in Bonding Technology
978-0-12-818146-1,Big Data Analytics for Intelligent Healthcare Management
978-0-12-813493-1,Ecosystem Consequences of Soil Warming
978-0-12-815886-9,Nanobiomaterials in Clinical Dentistry (Second Edition)
978-0-12-815315-4,Social Cognition in Psychosis
978-0-12-816347-4,Molecular Mechanisms of Dementia
978-0-12-814311-7,Epigenetic Mechanisms of the Cambrian Explosion
978-0-12-814507-4,Using Scanner Data for Food Policy Research
978-0-12-814921-8,Advances in Cold Plasma Applications for Food Safety and Preservation
978-0-12-816053-4,Exosomes
978-0-12-817574-3,"Medical Empathy, Pharmacological Systems, and Treatment Strategies in Integrative Cardiovascular Chinese Medicine"
978-0-12-814225-7,Current Trends and Future Developments on (Bio-) Membranes
978-0-12-814681-1,Sustainable Nanoscale Engineering
978-0-08-102860-5,Organometallic Chemistry of Five-Membered Heterocycles
978-0-12-812942-5,Small-Format Aerial Photography and UAS Imagery (Second Edition)
978-0-12-816454-9,"Vesuvius, Campi Flegrei, and Campanian Volcanism"
978-0-12-813419-1,Municipal Solid Waste Energy Conversion in Developing Countries
978-0-12-813738-3,Nuclear Waste Management Strategies
978-0-12-817736-5,Machine Learning for Subsurface Characterization
978-0-12-814772-6,Ductile Fracture in Metal Forming
978-0-12-816805-9,3D and 4D Printing of Polymer Nanocomposite Materials
978-0-12-812102-3,The Autoimmune Diseases (Sixth Edition)
978-0-12-813357-6,Colloidal Metal Oxide Nanoparticles
978-0-12-814037-6,"Neuroprotection in Autism, Schizophrenia and Alzheimer's Disease"
978-0-08-102925-1,The Role of the Electronic Resources Librarian
978-0-12-817688-7,Energy Transformation Towards Sustainability
978-0-12-804766-8,Geriatric Neurology
978-0-12-812828-2,Rice Bran and Rice Bran Oil
978-0-12-812782-7,Indus River Basin
978-0-12-812005-7,Neuroblastoma
978-0-12-813146-6,"Stress: Physiology, Biochemistry, and Pathology"
978-0-12-815504-2,Milk-Based Beverages
978-0-12-815348-2,Noonan Syndrome
978-0-12-814778-8,Lithium-Ion Battery Chemistries
978-0-444-64210-3,Industrial Process Scale-Up (Second Edition)
978-0-12-814124-3,Encyclopedia of Caves (Third Edition)
978-0-12-816858-5,Practical Power System and Protective Relays Commissioning
978-0-12-405208-6,Contemporary Financial Intermediation (Fourth Edition)
978-0-12-816797-7,Environmental Kuznets Curve (EKC)
978-0-12-813870-0,Advanced Nanomaterials and Coatings by Thermal Spray
978-0-12-815989-7,Underwriting Commercial Real Estate in a Dynamic Market
978-0-12-803161-2,Translational Medicine in CNS Drug Development
978-0-444-64029-1,Neonatal Neurology
978-0-12-815673-5,Lipid-Based Nanostructures for Food Encapsulation Purposes
978-0-12-816683-3,Trends in Beverage Packaging
978-0-12-817794-5,Ultraviolet LED Technology for Food Applications
978-0-12-813942-4,Purification and Characterization of Secondary Metabolites
978-0-12-814855-6,Fundamentals of Molecular Structural Biology
978-0-12-815115-0,High-Density Integrated Electrocortical Neural Interfaces
978-0-12-817532-3,Single-Cell Omics
978-0-12-397046-6,Structural Alloys for Nuclear Energy Applications
978-0-444-63876-2,Applications in Design and Simulation of Sustainable Chemical Processes
978-0-12-814013-0,Fundamentals and Applications of Fourier Transform Mass Spectrometry
978-0-12-816463-1,Spectroscopy and Dynamics of Single Molecules
978-0-12-813231-9,Mathematical Models and Algorithms for Power System Optimization
978-0-12-818264-2,Well Productivity Handbook (Second Edition)
978-0-12-818723-4,Ship and Mobile Offshore Unit Automation
978-0-08-102619-9,Structure and Mechanics of Textile Fibre Assemblies (Second Edition)
978-0-12-815405-2,Short-range Wireless Communication(Third Edition)
978-0-12-815749-7,Industrial Applications of Nanomaterials
978-0-12-816390-0,Advances in Biomechanics and Tissue Regeneration
978-0-12-813060-5,Integrated Coastal Management in the Japanese Satoumi
978-0-12-813524-2,Handbook of US Consumer Economics
978-0-12-813798-7,ICT-Driven Economic and Financial Development
978-0-12-814843-3,Bioinspired Design of Materials Surfaces
978-0-12-816954-4,"Molecular Dynamics Simulation of Nanocomposites Using BIOVIA Materials Studio, Lammps and Gromacs"
978-0-12-817915-4,Fundamentals and Emerging Applications of Polyaniline
978-0-12-818823-1,Nanotechnology in Modern Animal Biotechnology
978-0-12-815267-6,The Circular Economy
978-0-12-817020-5,Traffic Congestion and Land Use Regulations
978-0-12-815770-1,Antimicrobial Resistance in Agriculture
978-0-12-816436-5,The Role of Ecosystem Services in Sustainable Food Systems
978-0-12-816509-6,Tilapia Culture (Second Edition)
978-0-12-818606-0,Oxidative Stress
978-0-12-819043-2,Innovation in Health Informatics
978-0-12-817044-1,Smartphone Based Medical Diagnostics
978-0-12-817202-5,Organ-on-a-chip
978-0-12-813695-9,Applied Genomics and Public Health
978-0-12-814831-0,"Transplantation, Bioengineering, and Regeneration of the Endocrine Pancreas"
978-0-12-814833-4,"Transplantation, Bioengineering, and Regeneration of the Endocrine Pancreas"
978-0-12-816434-1,Drug Efflux Pumps in Cancer Resistance Pathways: From Molecular Recognition and Characterization to Possible Inhibition Strategies in Chemotherapy
978-0-12-817616-0,"Inquiry, Treatment Principles and Plans in Integrative Cardiovascular Chinese Medicine"
978-0-12-813302-6,Material Properties of Steel in Fire Conditions
978-0-444-64173-1,Biophysical Characterization of Proteins in Developing Biopharmaceuticals (Second Edition)
978-0-12-817813-3,Chemistry of Silica and Zeolite-Based Materials
978-0-12-817364-0,Simulation of Power Electronics Converters Using PLECS®
978-0-12-818996-2,Refining Biomass Residues for Sustainable Energy and Bioproducts
978-0-12-815831-9,Data Governance (Second Edition)
978-0-12-818004-4,Classification Techniques for Medical Image Analysis and Computer Aided Diagnosis
978-0-12-818027-3,Specificity of Deformation and Strength Behavior of Massive Elements of Concrete Structures in a Medium with Low Humidity
978-0-12-819221-4,ARM 64-Bit Assembly Language
978-0-12-816489-1,Water Quality in the Third Pole
978-0-12-819911-4,Sustainable Marine Resource Utilization in China
978-0-12-820244-9,The Global Carbon Cycle and Climate Change
978-1-78548-314-1,Ecotoxicology
978-0-12-814338-4,The Laboratory Rat (Third Edition)
978-0-08-102403-4,Dielectric Metamaterials
978-0-12-814558-6,Advanced Nanomaterials for Electrochemical-Based Energy Conversion and Storage
978-0-12-814827-3,Advanced Nanomaterials for Inexpensive Gas Microsensors
978-0-12-815820-3,Titanium for Consumer Applications
978-0-12-815739-8,Machine Learning
978-0-12-812665-3,Air Route Networks Through Complex Networks Theory
978-0-12-819134-7,Maritime Transport and Regional Sustainability
978-0-444-64315-5,Well Production Performance Analysis for Shale Gas Reservoirs
978-0-12-814872-3,Ecometabolomics
978-0-12-815270-6,Non-Alcoholic Beverages
978-0-12-815271-3,Fermented Beverages
978-0-12-817443-2,Reproducibility in Biomedical Research
978-0-08-100773-0,Lea's Chemistry of Cement and Concrete (Fifth Edition)
978-0-08-102601-4,Creep and Fatigue in Polymer Matrix Composites (Second Edition)
978-0-12-814505-0,Nanomaterials Design for Sensing Applications
978-0-12-814531-9,Photoactive Inorganic Nanoparticles
978-0-12-814623-1,Meta-Analytics
978-0-12-813014-8,Handbook of Sleep Disorders in Medical Conditions
978-0-12-816505-8,Nanomaterials for Drug Delivery and Therapy
978-0-12-815258-4,Engineering Tools in the Beverage Industry
978-0-12-815669-8,AGO-Driven Non-Coding RNAs
978-0-12-816545-4,Therapeutic Application of Nitric Oxide in Cancer and Inflammatory Disorders
978-0-12-817426-5,EEG Brain Signal Classification for Epileptic Seizure Disorder Detection
978-0-12-818247-5,Artificial Neural Networks for Engineering Applications
978-0-12-814923-2,The Transformative Power of Mobile Medicine
978-0-12-815249-2,"Microbiome and Metabolome in Diagnosis, Therapy, and other Strategic Applications"
978-0-12-817342-8,Carbon-Based Nanofillers and Their Rubber Nanocomposites
978-0-444-64114-4,Advances in Enzyme Technology
978-0-12-815897-5,Gas Well Deliquification (Third Edition)
978-0-12-816119-7,Networked Control Systems
978-0-12-817630-6,Digital Twin Driven Smart Manufacturing
978-0-12-803271-8,"Nuclear Safeguards, Security, and Nonproliferation (Second Edition)"
978-0-12-816572-0,Introductory Immunology (Second Edition)
978-0-12-816412-9,Alzheimer's Disease Theranostics
978-0-12-811837-5,Anatomy and Histology of the Laboratory Rat in Toxicology and Biomedical Research
978-0-12-811975-4,Promoting Positive Processes After Trauma
978-0-12-811393-6,Low-Cost Carriers in Emerging Countries
978-0-323-64068-8,Evidence-Based Practice of Critical Care (Third Edition)
978-0-12-801496-7,Genomic and Precision Medicine (Third Edition)
978-0-12-817901-7,Bioactive Natural Products
978-0-12-816228-6,GPCRs
978-0-12-815369-7,Wearable and Implantable Medical Devices
978-0-12-814964-5,Hematology and Coagulation (Second Edition)
978-0-12-816964-3,The Theory of Endobiogeny
978-0-12-817128-8,Collective Behavior In Systems Biology
978-0-12-811840-5,Smart Polymer Catalysts and Tunable Catalysis
978-0-12-816906-3,Solid-Phase Extraction
978-0-444-64225-7,Practical Approaches to Biological Inorganic Chemistry (Second Edition)
978-0-12-813371-2,The Dynamic Loss of Earth's Radiation Belts
978-0-12-814851-8,From Catchment Management to Managing River Basins
978-0-12-815599-8,Dental Wear in Evolutionary and Biocultural Contexts
978-0-12-815154-9,Optimization Models for Rail Car Fleet Management
978-0-12-815956-9,Technology in Supply Chain Management and Logistics
978-0-444-64163-2,Ecological Modeling: An Introduction to the Art and Science of Modeling Ecological Systems
978-0-444-64193-9,Further Developments in the Theory and Practice of Cybercartography
978-0-444-64196-0,Cingulate Cortex
978-0-12-816485-3,Delivery of Therapeutics for Biogerontological Interventions
978-0-12-816950-6,"Hydrogen, Batteries and Fuel Cells"
978-0-08-102632-8,Advances in Textile Biotechnology (Second Edition)
978-1-56990-702-3,3D Printing (Second Edition)
978-1-56990-708-5,Thermoforming (Second Edition)
978-1-56990-714-6,Grippers in Motion
978-3-446-45140-7,"Galois Fields, Linear Feedback Shift Registers and their Applications"
978-0-444-64142-7,Clinical Neurophysiology: Diseases and Disorders
978-0-12-815917-0,The Dark Side of Social Media
978-0-444-64127-4,Horizons in Sustainable Industrial Chemistry and Catalysis
978-0-12-813527-3,"Aging, Nutrition and Taste"
978-0-12-815864-7,Caffeinated and Cocoa Based Beverages
978-0-12-814905-8,Quorum Sensing
978-0-12-814449-7,Behavioral Intervention Research in Hospice and Palliative Care
978-0-12-815723-7,Discovery and Development of Therapeutics from Natural Products Against Neglected Tropical Diseases
978-0-12-816079-4,Waste-To-energy (Third Edition)
978-0-12-816776-2,Hybrid Enhanced Oil Recovery using Smart Waterflooding
978-0-12-818113-3,Decommissioning Forecasting and Operating Cost Estimation
978-0-12-818324-3,Dynamic Description Technology of Fractured Vuggy Carbonate Gas Reservoirs
978-0-12-813659-1,Deep Learning Through Sparse and Low-Rank Modeling
978-0-12-816189-0,Pharmaceuticals and Personal Care Products: Waste Management and Treatment Technology
978-0-12-818130-0,Intelligent Speech Signal Processing
978-0-12-811216-8,Data Science for Business and Decision Making
978-0-12-814491-6,Age Estimation
978-0-12-813647-8,Advanced Nanomaterials for Solar Cells and Light Emitting Diodes
978-0-12-815461-8,Curcumin for Neurological and Psychiatric Disorders
978-0-12-816504-1,Nanoparticles in Pharmacotherapy
978-0-12-811844-3,Handbook of Terror Management Theory
978-0-12-815618-6,The Psychological Journey To and From Loneliness
978-0-12-816653-6,Predicting Cyberbullying
978-0-12-814391-9,Intelligent Data Mining and Fusion Systems in Agriculture
978-0-12-815354-3,Phytonutrients in Food
978-0-12-816677-2,Nanoengineering in the Beverage Industry
978-0-08-102684-7,Active Geophysical Monitoring (Second Edition)
978-0-12-815985-9,Understanding Faults
978-0-12-816240-8,Optimizing Community Infrastructure
978-0-12-817894-2,Design and Operation of Heat Exchangers and their Networks
978-0-08-102604-5,"Anthropometry, Apparel Sizing and Design (Second Edition)"
978-0-12-816514-0,Handbook of Probabilistic Models
978-0-12-815289-8,The Beginnings of Behavioral Economics
978-0-08-102575-8,Fatigue Life Prediction of Composites and Composite Structures (Second Edition)
978-0-08-102594-9,Nanostructured Biomaterials for Regenerative Medicine
978-0-12-815924-8,Tin Oxide Materials
978-0-12-819583-3,Computational Modeling in Bioengineering and Bioinformatics
978-0-12-812026-2,Handbook on Biological Warfare Preparedness
978-0-444-64012-3,Psychopharmacology of Neurologic Disease
978-0-12-819579-6,Mathematical Modelling of Gas-Phase Complex Reaction Systems: Pyrolysis and Combustion
978-0-12-812060-6,Safety and Practice for Organic Food
978-0-12-814174-8,"Innovative Thermal and Non-Thermal Processing, Bioaccessibility and Bioavailability of Nutrients and Bioactive Compounds"
978-0-12-814792-4,The Solar Corridor Crop System
978-0-12-816397-9,Functional and Medicinal Beverages
978-0-12-816842-4,Nutrients in Beverages
978-0-12-818452-3,Numerical PDE Analysis of Retinal Neovascularization Mathematical Model Computer Implementation in R
978-0-12-814919-5,Single-Cell Omics
978-0-12-816417-4,Rhinovirus Infections
978-0-12-810539-9,What Went Wrong? (Sixth Edition)
978-0-12-814860-0,An Applied Guide to Process and Plant Design (Second Edition)
978-0-12-816809-7,Microbial Wastewater Treatment
978-0-12-816856-1,Biofuels: Alternative Feedstocks and Conversion Processes for the Production of Liquid and Gaseous Biofuels (Second Edition)
978-0-08-101033-4,The Chemistry of Heterocycles
978-0-12-814633-0,Metal-Organic Frameworks (MOFs) for Environmental Applications
978-0-12-819210-8,The Chemistry of Heterocycles
978-0-12-813491-7,R and Python for Oceanographers
978-0-12-815821-0,Emerging Voices in Natural Hazards Research
978-0-12-815823-4,Statistical Methods in the Atmospheric Sciences (Fourth Edition)
978-0-08-102337-2,Advances of Computational Fluid Dynamics in Nuclear Reactor Design and Safety Assessment
978-0-08-102790-5,Beyond Decommissioning
978-0-08-102791-2,Advanced Biofuels
978-0-12-815117-4,Power Systems Modelling and Fault Analysis (Second Edition)
978-0-12-817012-0,Sustainable Power Generation
978-0-08-102616-8,Developments in the Formulation and Reinforcement of Concrete (Second Edition)
978-0-12-805345-4,Introduction to Fiber-Optic Communications
978-0-12-811545-9,Durability and Reliability of Polymers and Other Materials in Photovoltaic Modules
978-0-12-813310-1,Train Aerodynamics
978-0-12-816443-3,Human Interaction with Electromagnetic Fields
978-0-12-818283-3,Methods of Fundamental Solutions in Solid Mechanics
978-0-12-814899-0,Extreme Hydroclimatic Events and Multivariate Hazards in a Changing Environment
978-0-12-814164-9,Extending Financial Inclusion in Africa
978-0-12-815719-0,The Extended Energy-Growth Nexus
978-0-12-815857-9,Dishonesty in Behavioral Economics
978-0-12-813029-2,Forensic Examination of Signatures
978-0-12-818384-7,The Chief Security Officer's Handbook
978-0-12-813890-8,"Parasiticide Screening, Volume 1"
978-0-12-816577-5,"Parasiticide Screening, Volume 2"
978-0-12-818307-6,Smart Bioremediation Technologies
978-0-08-102393-8,Carbon-Based Nanoelectromagnetics
978-0-08-102546-8,Biomaterials for Skin Repair and Regeneration
978-0-08-102555-0,Functional Polysaccharides for Biomedical Applications
978-0-12-813856-4,Nanostructures in Ferroelectric Films for Energy Applications
978-0-12-816081-7,"Developments in Surface Contamination and Cleaning, Volume 12"
978-0-12-815238-6,Omega Fatty Acids in Brain and Neurological Health (Second Edition)
978-0-12-815320-8,Synaptic Transmission
978-0-12-816121-0,"Biomarkers, Diagnostics and Precision Medicine in the Drug Industry"
978-0-12-817568-2,Equipment Qualification in the Pharmaceutical Industry
978-0-12-813858-8,Intermittent Explosive Disorder
978-0-12-815682-7,The Clinician's Guide to Oppositional Defiant Disorder
978-0-12-816004-6,The Social Validity Manual (Second Edition)
978-0-12-816169-2,Smart City Emergence
978-0-12-817696-2,Autonomous Vehicles and Future Mobility
978-0-08-102163-7,Applications of Genetic and Genomic Research in Cereals
978-0-12-802446-1,Atlas of the Anatomy of Dolphins and Whales
978-0-12-812106-1,Equine Behavioral Medicine
978-0-12-812134-4,Sustainable Food and Agriculture
978-0-12-813617-1,Institutions as Conscious Food Consumers
978-0-12-814043-7,Medical and Veterinary Entomology (Third Edition)
978-0-12-814389-6,Transgenic Plant Technology for Remediation of Toxic Metals and Metalloids
978-0-12-814399-5,Red Wine Technology
978-0-12-814564-7,Fundamentals of 3D Food Printing and Applications
978-0-12-814723-8,Tracking Animal Migration with Stable Isotopes (Second Edition)
978-0-12-814774-0,Bioactive Compounds
978-0-12-814864-8,Cadmium Toxicity and Tolerance in Plants
978-0-12-814874-7,Sustainable Meat Production and Processing
978-0-12-814887-7,Innovations in Traditional Foods
978-0-12-815056-6,Separation of Functional Molecules in Food by Membrane Technology
978-0-12-815230-0,Insect Molecular Genetics (Fourth Edition)
978-0-12-815475-5,Biology and Ecology of Venomous Marine Scorpionfishes
978-0-12-816058-9,Strategies for Successful Animal Shelters
978-0-12-816209-5,Changing Climate and Resource Use Efficiency in Plants
978-0-12-816409-9,The Farm Labor Problem
978-0-12-812494-9,Epigenetics of Cancer Prevention
978-0-12-812630-1,Immune Biology of Allogeneic Hematopoietic Stem Cell Transplantation (Second Edition)
978-0-12-813136-7,Secondary Fracture Prevention
978-0-12-815795-4,Normal and Pathological Bronchial Semiology
978-0-12-816093-0,Nutrition in the Prevention and Treatment of Abdominal Obesity (Second Edition)
978-0-12-816435-8,Protein Kinase Inhibitors as Sensitizing Agents for Chemotherapy
978-0-12-813551-8,Current Trends and Future Developments on (Bio-) Membranes
978-0-12-813606-5,Current Trends and Future Developments on (Bio-) Membranes
978-0-12-814790-0,Advances in Water Purification Techniques
978-0-12-816446-4,Introduction to Adsorption
978-0-444-64083-3,Current Developments in Biotechnology and Bioengineering
978-0-444-64085-7,Current Developments in Biotechnology and Bioengineering
978-0-444-64112-0,Nonequilibrium Thermodynamics (Fourth Edition)
978-0-08-102661-8,Third Generation EGFR Inhibitors
978-0-12-814197-7,Advances in Bioorganometallic Chemistry
978-0-12-815411-3,"Isocoumarin, Thiaisocoumarin and Phosphaisocoumarin"
978-0-12-815983-5,Computational Quantum Chemistry
978-0-444-64000-0,Pyrolysis of Organic Molecules (Second Edition)
978-0-444-64201-1,Bonding Theory for Metals and Alloys (Second Edition)
978-0-08-102728-8,Advances in Eco-Fuels for a Sustainable Environment
978-0-08-102540-6,Silk (Second Edition)
978-0-08-102609-0,Nanotechnology in Textiles
978-0-08-102633-5,Water in Textiles and Fashion
978-0-12-811749-1,Sustainable Construction Technologies
978-0-12-815458-8,Social Network Analytics
978-0-12-815838-8,Recent Advances in Chaotic Systems and Synchronization
978-0-12-815906-4,Advances in System Reliability Engineering
978-0-12-816086-2,Machine Learning in Bio-Signal Analysis and Diagnostic Imaging
978-0-12-811689-0,Spatiotemporal Analysis of Extreme Hydrological Events
978-0-12-813123-7,Solutions to Environmental Problems Involving Nanotechnology and Enzyme Technology
978-0-12-811029-4,Equilibrium Problems and Applications
978-0-12-814847-1,Global Value Chains and Production Networks
978-0-12-815044-3,Ranked Set Sampling
978-0-08-100543-9,Handbook of Non-Ferrous Metal Powders (Second Edition)
978-0-08-100985-7,Sustainable Construction Materials
978-0-08-101995-5,Stimuli Responsive Polymeric Nanocarriers for Drug Delivery Applications
978-0-08-102284-9,Handbook of Organic Materials for Electronic and Photonic Devices (Second Edition)
978-0-08-102451-5,Bone Repair Biomaterials (Second Edition)
978-0-08-102509-3,Nanocarbon and its Composites
978-0-08-102579-6,"Green Synthesis, Characterization and Applications of Nanoparticles"
978-0-12-813477-1,Biomaterials in Translational Medicine
978-0-12-813900-4,Nanobiosensors for Biomolecular Targeting
978-0-12-813928-8,Nanomaterials for Magnetic and Optical Hyperthermia Applications
978-0-12-813932-5,Polymeric Nanomaterials in Nanotherapeutics
978-0-12-813934-9,Nano-Sized Multifunctional Materials
978-0-12-814130-4,Nanomaterials for Food Applications
978-0-12-814132-8,Composite Nanoadsorbents
978-0-12-814134-2,Noble Metal-Metal Oxide Hybrid Nanoparticles
978-0-12-814497-8,"Novel Nanomaterials for Biomedical, Environmental and Energy Applications"
978-0-12-814503-6,Advanced Nanomaterials for Membrane Synthesis and its Applications
978-0-12-814548-7,Functionalized Graphene Nanocomposites and their Derivatives
978-0-12-814706-1,A Quantum Approach to Alloy Design
978-0-12-814837-2,Nanomaterials for the Removal of Pollutants and Resource Reutilization
978-0-12-814862-4,Molecular Sensors and Nanodevices (Second Edition)
978-0-12-815577-6,Developments in Surface Contamination and Cleaning: Applications of Cleaning Techniques
978-0-12-815780-0,Electronic Materials
978-0-12-817054-0,Biochemistry for Materials Science
978-0-323-48067-3,Neurophotonics and Biomedical Spectroscopy
978-0-323-51270-1,Electrospinning: Nanofabrication and Applications
978-0-12-813365-1,Optical Wireless Communications for Broadband Global Internet Connectivity
978-0-12-813366-8,Magnonics
978-0-12-814761-0,Data Science (Second Edition)
978-0-12-812344-7,Neurosensory Disorders in Mild Traumatic Brain Injury
978-0-12-812777-3,Neurotechnology and Brain Stimulation in Pediatric Psychiatric and Neurodevelopmental Disorders
978-0-12-814210-3,Introduction to Electrophysiological Methods and Instrumentation (Second Edition)
978-0-12-815304-8,The Auditory Brain and Age-Related Hearing Impairment
978-0-12-812626-4,Pharmacogenomics (Second Edition)
978-0-12-814276-9,"Clinical Pharmacy Education, Practice and Research"
978-0-12-814911-9,Biocontamination Control for Pharmaceuticals and Healthcare
978-0-12-817909-3,Basic Fundamentals of Drug Delivery
978-0-12-812756-8,Work Across the Lifespan
978-0-12-813495-5,The Clinician's Guide to Anxiety Sensitivity Treatment and Assessment
978-0-12-815952-1,Cognitive Foundations for Improving Mathematical Learning
978-0-08-102409-6,Social Media
978-0-08-102746-2,Conversations with Leading Academic and Research Library Directors
978-0-12-814897-6,Sustainable Urban Mobility Pathways
978-0-12-815038-2,Urban Mobility Design
978-0-12-816483-9,Climate Change and Agricultural Ecosystems
978-0-12-812346-1,Inspiring Conversations with Women Professors
978-0-12-816161-6,Understanding Process Equipment for Operators and Engineers
978-0-12-816170-8,Sustainable Water and Wastewater Processing
978-0-444-64222-6,Analytical Modeling of Fuel Cells (Second Edition)
978-0-444-64223-3,New and Future Developments in Microbial Biotechnology and Bioengineering
978-0-12-816225-5,Fundamentals of Inorganic Glasses (Third Edition)
978-0-444-63984-4,Data Fusion Methodology and Applications
978-0-444-64146-5,Radioactivity in the Environment (Second Edition)
978-0-12-812111-5,Energy Efficiency
978-0-12-814560-9,Medium Voltage Direct Current Grid
978-0-12-816139-5,Modern Aspects of Power System Frequency Stability and Control
978-0-12-815302-4,Global Practices on Road Traffic Signal Control
978-0-12-816916-2,Data Architecture (Second Edition)
978-0-12-816948-3,Telemedicine Technologies
978-0-12-814934-8,Air Pollution Calculations
978-0-12-813539-6,Companion and Complementary Diagnostics
978-0-12-813413-9,Handbook of Student Engagement Interventions
978-0-12-815800-5,Sustainable Parking Management
978-0-12-816501-0,Light and Video Microscopy (Third Edition)
978-0-12-817454-8,"Turnaround Management for the Oil, Gas, and Process Industries"
978-0-323-28053-2,Therapeutic Exercise Prescription
978-0-323-47833-5,Sturdevant's Art and Science of Operative Dentistry
978-0-444-64293-6,Advances in Molecular Toxicology
978-0-12-816333-7,Food Safety and Human Health
978-0-12-819644-1,"Dendrology: Cones, Flowers, Fruits and Seeds"
978-0-12-816573-7,Cellular and Animal Models in Human Genomics Research
978-0-12-814901-0,Time Series Analysis in Seismology
978-0-12-814901-0,Time Series Analysis in Seismology
978-0-12-815397-0,The Fossil Fuel Revolution: Shale Gas and Tight Oil
978-0-08-102615-1,Electric Motors and Drives (Fifth Edition)
978-0-12-816229-3,Bioenergy with Carbon Capture and Storage
978-0-12-817135-6,Wind Turbines and Aerodynamics Energy Harvesters
978-0-12-819710-3,From Smart Grid to Internet of Energy
978-0-12-812236-5,Size Effects in Plasticity
978-0-12-815756-5,Introduction to Modeling in Physiology and Medicine (Second Edition)
978-0-12-817495-1,Freshwater Microbiology
978-0-12-814162-5,Nanoscale Semiconductor Lasers
978-0-12-815811-1,Graphene-Based Nanotechnologies for Energy and Environmental Applications
978-0-444-63855-7,Smell and Taste
978-0-12-816030-5,Applied Plant Biotechnology for Improving Resistance to Biotic Stress
978-0-12-816938-4,Trends in Non-alcoholic Beverages
978-0-12-814259-2,Prognostic Epigenetics
978-0-12-814962-1,Medical Device Design (Second Edition)
978-0-12-815849-4,Therapeutic Drug Monitoring Data (Fourth Edition)
978-0-12-816543-0,Data for Nurses
978-0-12-817570-5,Perspectives of Ayurveda in Integrative Cardiovascular Chinese Medicine for Patient Compliance
978-0-444-64081-9,Polymer-Protein Conjugates
978-0-12-812212-9,Biological Chirality
978-0-12-815409-0,"Chemical, Gas, and Biosensors for Internet of Things and Related Applications"
978-0-12-815605-6,Analytical Methods for Biomass Characterization and Conversion
978-0-12-817418-0,Integrating Green and Sustainable Chemistry Principles into Education
978-0-12-814960-7,Seafloor Geomorphology as Benthic Habitat (Second Edition)
978-0-12-817388-6,Green Sustainable Process for Chemical and Environmental Engineering and Science
978-0-12-814645-3,Energy for Sustainable Development
978-0-12-815253-9,Design and Operation of Solid Oxide Fuel Cells
978-0-12-815261-4,Dynamics and Control of Nuclear Reactors
978-0-12-815905-7,Enhanced Oil Recovery in Shale and Tight Reservoirs
978-0-12-816212-5,Simulation of Battery Systems
978-0-12-817632-0,Primer on Enhanced Oil Recovery
978-0-08-102488-1,Engineering Textiles (Second Edition)
978-0-08-102497-3,Woven Textiles (Second Edition)
978-0-12-813894-6,Vision Models for High Dynamic Range and Wide Colour Gamut Imaging
978-0-12-816998-8,Positive Displacement Machines
978-0-12-818364-9,Production Planning and Control
978-0-12-819352-5,Fluid-Solid Interaction Dynamics
978-0-323-46200-6,Plasticizers Derived from Post-Consumer PET
978-1-56990-710-8,The Physics of Polymer Interactions
978-0-12-816134-0,Ecosystem Service Potentials and Their Indicators in Postglacial Landscapes
978-0-12-816448-8,High-Risk Pollutants in Wastewater
978-0-12-819675-5,Consequences of Maritime Critical Infrastructure Accidents
978-0-12-816331-3,Virus as Populations (Second Edition)
978-0-12-814944-7,Biomimetic Nanoengineered Materials for Advanced Drug Delivery
978-0-12-816220-0,Melt Electrospinning
978-0-12-816773-1,Nanocarriers for Cancer Diagnosis and Targeted Chemotherapy
978-0-12-818415-8,Materials for Biomedical Engineering
978-0-12-818431-8,Materials for Biomedical Engineering
978-0-12-818435-6,Materials for Biomedical Engineering
978-0-12-819142-2,Dynamics of Advanced Sustainable Nanomaterials and their Related Nanocomposites at the Bio-Nano Interface
978-0-12-818579-7,Self-Organizing Neural Maps: The Retinotectal Map and Mechanisms of Neural Development
978-0-12-810504-7,Measuring Road Safety Using Surrogate Events
978-0-7020-5976-6,Clinical Reasoning in Musculoskeletal Practice (Second Edition)
978-0-323-54837-3,Risk Management in Transfusion Medicine
978-0-323-54843-4,Gastrointestinal Diseases and their Associated Infections
978-0-323-56800-5,Axial Spondyloarthritis
978-0-323-56802-9,Hematopoietic Cell Transplantation for Malignant Conditions
978-0-7020-4061-0,Peter's Atlas of Tropical Medicine and Parasitology (Seventh Edition)
978-0-323-54755-0,Ocular Pathology (Eighth Edition)
978-0-12-818024-2,Molecular Biology Techniques (Fourth Edition)
978-0-12-813456-6,Platelets (Fourth Edition)
978-0-12-815346-8,Anorectal Disorders
978-0-12-818178-2,Strategic Planning for the Sustainable Production of Biofuels
978-0-12-814541-8,Dye-Sensitized Solar Cells
978-0-12-816392-4,Next-Generation Batteries with Sulfur Cathodes
978-0-12-812524-3,PEEK Biomaterials Handbook (Second Edition)
978-0-12-816190-6,Electronic Waste Management and Treatment Technology
978-0-12-817046-5,Increasing the Durability of Paint and Varnish Coatings in Building Products and Construction
978-0-12-817402-9,Embedded System Interfacing
978-1-927885-41-3,Handbook of Solvents (Third Edition)
978-0-12-815060-3,Waste (Second Edition)
978-0-12-815893-7,A Workbook of Ethical Case Scenarios in Applied Behavior Analysis
978-0-12-815587-5,Terrestrial Earthworms (Oligochaeta: Opisthopora) of China
978-0-12-814513-5,Computational Epigenetics and Diseases
978-0-12-814702-3,Science Teaching Essentials
978-0-12-814816-7,Careers in Biomedical Engineering
978-0-12-812840-4,Global Perspectives on Childhood Obesity (Second Edition)
978-0-12-813820-5,Bioactive Food as Dietary Interventions for Arthritis and Related Inflammatory Diseases (Second Edition)
978-0-12-813822-9,Bioactive Food as Dietary Interventions for Diabetes (Second Edition)
978-0-12-814466-4,Dietary Interventions in Liver Disease
978-0-12-814468-8,Dietary Interventions in Gastrointestinal Diseases
978-0-12-816429-7,Biotin and Other Interferences in Immunoassays
978-0-12-813924-0,Animals in Disasters
978-0-12-815226-3,Spatial Modeling in GIS and R for Earth and Environmental Sciences
978-0-12-817088-5,Practical Wellbore Hydraulics and Hole Cleaning
978-0-12-817048-9,Geotechnical Investigations and Improvement of Ground Conditions
978-0-12-813092-6,Biophysical Measurement in Experimental Social Science Research
978-0-12-815344-4,Child Abuse and Neglect
978-0-12-816439-6,The Changing Era of Diseases
978-0-12-816798-4,Proper Orthogonal Decomposition Methods for Partial Differential Equations
978-0-12-813333-0,Neurobiology of Depression
978-0-12-816981-0,Cognitive Rehabilitation of Memory
978-0-12-815720-6,Nanotechnology-Based Targeted Drug Delivery Systems for Lung Cancer
978-0-12-812109-2,The Psychology of Globalization
978-0-12-813150-3,Dictionary of Sport Psychology
978-0-12-815744-2,WISC-V (Second Edition)
978-0-12-813939-4,Pharmacoepigenetics
978-0-12-818023-5,Pathophysiology of Ischemia Reperfusion Injury and Use of Fingolimod in Cardioprotection
978-0-08-099438-3,Compostable Polymer Materials (Second Edition)
978-0-12-814679-8,"Tools, Techniques and Protocols for Monitoring Environmental Contaminants"
978-0-444-64021-5,Electrocorrosion and Protection of Metals (Second Edition)
978-0-12-812742-1,Model Ecosystems in Extreme Environments
978-0-12-813062-9,Handbook of Multiphase Flow Assurance
978-0-12-814889-1,Conventional Energy in North America
978-0-12-817654-2,Sustainable Bioenergy
978-0-12-818551-3,Mooring System Engineering for Offshore Structures
978-0-08-102749-3,The Mechanics of Inhaled Pharmaceutical Aerosols (Second Edition)
978-0-12-818182-9,Welding the Inconel 718 Superalloy
978-0-12-812158-0,Digital Asset Valuation and Cyber Risk Measurement
978-0-12-815595-0,Practicing Forensic Criminology
978-0-12-817576-7,Taxonomic Guide to Infectious Diseases (Second Edition)
978-0-12-815751-0,Nanomaterials Synthesis
978-0-12-817801-0,From Dimension-Free Matrix Theory to Cross-Dimensional Dynamic Systems
978-0-12-814293-6,The Core Model
978-0-12-814427-5,Biomaterials and Bionanotechnology
978-0-12-816147-0,Netosis
978-0-12-804417-9,Handbook of Crime Correlates (Second Edition)
978-0-12-814818-1,Measuring Transport Equity
978-0-323-37457-6,Pathology of Melanocytic Tumors
978-0-12-815048-1,Tectonic and Structural Framework of the Zagros Fold-Thrust Belt
978-0-12-812532-8,Emery and Rimoin's Principles and Practice of Medical Genetics and Genomics (Seventh Edition)
978-0-12-816825-7,Nuclear Radioactive Materials in the Oil and Gas Industry
978-0-12-814725-2,Riemannian Geometric Statistics in Medical Image Analysis
978-0-444-63757-4,A New Ecology (Second Edition)
978-0-323-47821-2,Craig's Restorative Dental Materials (Fourteenth Edition)
978-0-323-52479-7,Cooper's Fundamentals of Hand Therapy
978-0-323-60912-8,Guccione's Geriatric Physical Therapy
978-0-323-66181-2,Chimeric Antigen Receptor T-Cell Therapies for Cancer
978-0-323-68353-1,Updates on Neonatal Chronic Lung Disease
978-0-323-67949-7,Clinical Care of the Runner
978-0-12-817931-4,Mechanobiology
978-0-12-813467-2,Clinical Engineering Handbook (Second Edition)
978-0-12-809356-6,Clinical Molecular Medicine
978-0-12-810510-8,The Portfolio Diet for Cardiovascular Disease Risk Reduction
978-0-12-813037-7,Clinical and Basic Neurogastroenterology and Motility
978-0-12-814677-4,Diet and Fighting Bladder Cancer
978-1-78548-308-0,Innate Immunity
978-0-12-814866-2,Chemical Analysis and Material Characterization by Spectrophotometry
978-0-12-816490-7,The Trans-Neptunian Solar System
978-0-12-818594-0,Complexity and Complex Thermo-Economic Systems
978-0-08-102503-1,Troubleshooting Centrifugal Pumps and their Systems (Second Edition)
978-0-08-102867-4,Sustainable Technologies for Fashion and Textiles
978-0-08-102902-2,Cellular Internet of Things (Second Edition)
978-0-12-805082-8,Assurance of Sterility for Sensitive Combination Products and Materials
978-0-12-809662-8,Tissue Elasticity Imaging
978-0-12-813842-7,Spectral Geometry of Shapes
978-0-12-817607-8,Multi-robot Exploration for Environmental Monitoring
978-0-12-818882-8,Antibiotics and Antimicrobial Resistance Genes in the Environment
978-0-12-815379-6,Microbial Forensics (Third Edition)
978-0-08-102261-0,Layered Double Hydroxide Polymer Nanocomposites
978-0-12-809412-9,Principles of Parenteral Solution Validation
978-0-12-811659-3,"Light, Molecules, Reaction and Health"
978-0-12-815018-4,Demand for Emerging Transportation Systems
978-0-12-815367-3,Living with Robots
978-0-12-811660-9,Environmental Nutrition
978-0-12-814928-7,"Stability, Control and Application of Time-delay Systems"
978-0-12-815875-3,Biocompatible Hybrid Oxide Nanoparticles for Human Health
978-0-12-815477-9,Untangling Smart Cities
978-0-12-815269-0,Alcoholic Beverages
978-0-444-63696-6,Soilless Culture (Second Edition)
978-0-12-802823-0,Diagnostic Molecular Biology
978-0-12-813335-4,Clinical Genome Sequencing
978-0-12-815889-0,Biomedical Applications of Graphene and 2D Nanomaterials
978-0-08-102702-8,An Introduction to Nuclear Waste Immobilisation (Third Edition)
978-0-12-817960-4,Japan's Quest for Nuclear Energy and the Price it has Paid
978-0-12-812939-5,Biomechatronics
978-0-12-815890-6,3D Printing Technology in Nanomedicine
978-0-12-817038-0,New Trends in Observer-Based Control
978-0-12-818382-3,Dynamics of Rail Transit Tunnel Systems
978-0-12-385024-9,Thorp and Covich's Freshwater Invertebrates (Fourth Edition)
978-0-08-102430-0,"Ferroelectricity in Doped Hafnium Oxide: Materials, Properties and Devices"
978-0-12-815343-7,Cybercartography in a Reconciliation Community
978-0-12-811187-1,Simulation of Power System with Renewables
978-0-12-817611-5,Exergy Analysis and Thermoeconomics of Buildings
978-0-12-804281-6,The Frontal Lobes
978-0-12-815298-0,Cognition and Addiction
978-0-12-815508-0,Biomarkers of Postpartum Psychiatric Disorders
978-0-12-805471-0,Practical Guide to Comparative Advertising
978-0-444-63708-6,Silicate Glasses and Melts (Second Edition)
978-0-12-814066-6,Algebraic and Combinatorial Computational Biology
978-0-444-64185-4,Studies in Natural Products Chemistry
978-0-12-812705-6,Biobased Surfactants (Second Edition)
978-0-12-816468-6,Human Embryos and Preimplantation Genetic Technologies
978-0-08-102822-3,Total Synthesis of Bioactive Natural Products
978-0-12-815554-7,Substitute Natural Gas from Waste
978-0-12-819266-5,Geothermal Well Test Analysis
978-0-12-815341-3,Theranostic Bionanomaterials
978-0-12-815218-8,Tectonic Setting and Gondwana Basin Architecture in the Indian Shield
978-0-323-52338-7,Assistive Technologies
978-0-323-60933-3,Temporary Anchorage Devices in Orthodontics
978-0-444-64032-1,Clinical Neurophysiology: Basis and Technical Aspects
978-0-12-816843-1,Nutritional Epigenomics
978-0-12-813776-5,Accurate Results in the Clinical Laboratory (Second Edition)
978-0-444-63748-2,Nanocomposite Structures and Dispersions (Second Edition)
978-0-12-816491-4,Electrochemical Biosensors
978-0-12-819646-5,Geophysical Potential Fields
978-0-12-817491-3,Risk-based Energy Management
978-0-12-816718-2,Deep Learning and Parallel Computing Environment for Bioengineering Systems
978-0-12-817321-3,Dynamics of Materials
978-0-12-817358-9,Multimodal Scene Understanding
978-0-12-815734-3,Forensic Anthropology (Second Edition)
978-0-12-815222-5,Bacteriology Methods for the Study of Infectious Diseases
978-0-12-814083-3,Carbon Based Nanomaterials for Advanced Thermal and Electrochemical Energy Storage and Conversion
978-0-12-814825-9,Nano Design for Smart Gels
978-0-12-816129-6,Unsaturated Polyester Resins
978-0-12-816388-7,Cell and Tissue Destruction
978-0-12-818607-7,Proteomic and Metabolomic Approaches to Biomarker Discovery (Second Edition)
978-0-12-818148-5,Neutrosophic Set in Medical Image Analysis
978-0-12-814309-4,Fundamentals of Telemedicine and Telehealth
978-0-12-816920-9,Principles of Tumors (Second Edition)
978-0-12-817086-1,Disease Pathways
978-0-12-814673-6,Emerging and Nanomaterial Contaminants in Wastewater
978-0-12-816822-6,Current Trends and Future Developments on (Bio-) Membranes
978-0-12-818258-1,New and Future Developments in Microbial Biotechnology and Bioengineering
978-0-12-818334-2,Visible Light Active Structured Photocatalysts for the Removal of Emerging Contaminants
978-0-444-64323-0,Biotechnological Production of Bioactive Compounds
978-0-12-814369-8,Inorganic Chemistry (Third Edition)
978-0-12-816934-6,Modern Environmental Analysis Techniques for Pollutants
978-0-12-815998-9,Extreme Hydrology and Climate Variability
978-0-12-817945-1,Predicting Future Oceans
978-0-12-816185-2,Goal Oriented Methodology and Applications in Nuclear Power Plants
978-0-12-816249-1,Low-Temperature Energy Systems with Applications of Renewable Energy
978-0-12-818713-5,Process Chemistry of Coal Utilization
978-0-12-819168-2,Entropy Analysis in Thermal Engineering Systems
978-0-12-812307-2,New Technologies for Emission Control in Marine Diesel Engines
978-0-12-812617-2,The Art of Assembly Language Programming Using PIC© Technology
978-0-12-813561-7,Contaminants of Emerging Concern in Water and Wastewater
978-0-12-815158-7,IEC 61850-Based Smart Substations
978-0-12-815314-7,Signal Processing for Multistatic Radar Systems
978-0-12-816921-6,Advanced Building Envelope Components
978-0-12-817042-7,Nonlinear Fiber Optics (Sixth Edition)
978-0-12-817356-5,Internet of Things in Biomedical Engineering
978-0-12-818603-9,Electrical Spectroscopy of Earth Materials
978-1-78548-236-6,Advances in Domain Adaptation Theory
978-3-446-46206-9,Visible Light Communications
978-0-12-817382-4,Innovation Strategies in Environmental Science
978-0-12-818622-0,Applied Statistics for Environmental Science with R
978-0-12-816203-3,Emerging Cyber Threats and Cognitive Vulnerabilities
978-0-12-819805-6,Behavioral Forensics
978-0-12-819573-4,Basics of Chimeric Antigen Receptor (CAR) Immunotherapy
978-0-08-102762-2,Solar Cells and Light Management
978-0-08-102807-0,Spinal Cord Injury (SCI) Repair Strategies
978-0-12-815884-5,Nanomaterials-Based Coatings
978-0-12-816707-6,Nanostructured Immiscible Polymer Blends
978-0-12-816957-5,Rheology of Polymer Blends and Nanocomposites
978-0-12-813983-7,Stress Resilience
978-0-12-815167-9,"Transportation, Land Use, and Environmental Planning"
978-0-12-817340-4,Mapping the Travel Behavior Genome
978-0-12-817674-0,Inequality and Energy
978-0-12-817770-9,Social Impacts of Smart Grids
978-0-323-54942-4,Baxter's the Foot and Ankle in Sport (Third Edition)
978-0-323-55512-8,Hunter's Tropical Medicine and Emerging Infectious Diseases (Tenth Edition)
978-0-12-813792-5,The Impact of Nutrition and Statins on Cardiovascular Diseases
978-0-12-814639-2,Flour and Breads and their Fortification in Health and Disease Prevention (Second Edition)
978-0-12-816473-0,Genetic Breeding and Molecular Marker-Assisted Selective Breeding of Largemouth Bass
978-0-12-811783-5,Comprehensive Overview of Modern Surgical Approaches to Intrinsic Brain Tumors
978-0-12-812724-7,Malignant Pleural Mesothelioma
978-0-12-817661-0,Breaking Tolerance to Pancreatic Cancer Unresponsiveness to Chemotherapy
978-0-08-102453-9,Computational Techniques for Multiphase Flows (Second Edition)
978-0-12-813025-4,Heavy Oil Recovery and Upgrading
978-0-12-817937-6,Advances in Feedstock Conversion Technologies for Alternative Fuels and Bioproducts
978-0-12-817941-3,"Advanced Bioprocessing for Alternative Fuels, Biobased Chemicals, and Bioproducts"
978-0-12-814056-7,Electro Hydraulic Control Theory and Its Applications Under Extreme Environment
978-0-12-814788-7,A Relaxation-Based Approach to Optimal Control of Hybrid and Switched Systems
978-0-12-816131-9,Fatigue in Friction Stir Welding
978-0-12-816458-7,Systems Engineering for Aerospace
978-1-78548-306-6,Introduction to Plasma Physics
978-1-78548-309-7,Mechanics - Microstructure - Corrosion Coupling
978-1-927885-47-5,Handbook of Curatives and Crosslinkers
978-0-12-814719-1,Environmental and Pollution Science (Third Edition)
978-0-12-813341-5,Advanced Supramolecular Nanoarchitectonics
978-0-12-814470-1,Nucleic Acid Nanotheranostics
978-0-12-814499-2,Nanoscale Ferroelectric-Multiferroic Materials for Energy Harvesting Applications
978-0-12-813543-3,Model Engineering for Simulation
978-0-12-817103-5,Solid State Physics
978-0-12-811014-0,Neural Stem Cells and Adult Neurogenesis
978-0-12-815163-1,Postmortem Toxicology
978-0-12-816125-8,In Silico Drug Design
978-0-12-816506-5,Biomedical Applications of Nanoparticles
978-0-12-802203-0,Handbook of Psychological Assessment (Fourth Edition)
978-0-12-815914-9,Remote Fieldwork Supervision for BCBA® Trainees
978-0-444-64203-5,Biohydrogen (Second Edition)
978-0-12-816698-7,Petrophysical Characterization and Fluids Transport in Unconventional Reservoirs
978-0-12-815920-0,Climate Preservation in Urban Communities Case Studies
978-0-12-811953-2,Marine Impacts of Seawater Desalination
978-0-12-816551-5,Networking Games
978-0-12-809738-0,Ortner's Identification of Pathological Conditions in Human Skeletal Remains (Third Edition)
978-0-08-102426-3,"Biomass, Biopolymer-Based Materials, and Bioenergy"
978-0-12-813941-7,Lignin Chemistry and Applications
978-0-12-814948-5,Introductory Differential Equations (Fifth Edition)
978-0-12-813751-2,The Orexin/Hypocretin System
978-1-78548-284-7,Experiments and Modeling in Cognitive Science
978-0-12-812995-1,Crew Resource Management (Third Edition)
978-0-08-100865-2,Theory of Electrophoresis and Diffusiophoresis of Highly Charged Colloidal Particles
